Project / Students,123800,124944,125476,125633,125540,125463,126246,126561,126424,126817,126501,126814,126793,126800,126739,126155,126630,126842,126735,126395,
KTW-01,-,-,-,-,-,-,-,-,-,-,-,-,-,-,-,-,-,[1],-,-,
KTW-02,-,-,-,-,-,-,-,-,-,-,-,-,-,-,-,-,-,-,-,-,
KTW-03,-,-,-,-,-,-,-,-,-,-,-,-,-,-,-,-,-,-,-,-,
KTW-04,-,-,-,-,-,-,-,-,-,-,-,-,-,-,-,-,-,-,-,-,
CODES,-,-,-,-,-,-,-,-,-,[1],-,-,-,-,-,-,-,-,-,-,
SPLICE,-,-,-,-,-,-,-,-,-,-,-,-,-,-,-,-,-,-,[1],-,
MVACS,-,[1],-,-,[1],-,-,-,-,-,-,-,-,-,-,-,-,-,-,-,
KSQRT,-,-,-,-,-,-,-,-,-,-,-,-,-,-,-,-,-,-,-,-,
LTB-U,-,-,-,-,-,-,-,-,-,-,-,-,-,-,-,-,-,-,-,-,
numgeo,-,-,-,-,-,-,-,-,-,-,-,-,-,-,-,-,-,-,-,-,
TorDam,-,-,[2],-,-,-,-,-,-,-,-,-,-,-,-,-,-,-,-,-,
MERC,-,-,-,-,-,-,-,-,-,-,-,-,-,-,-,-,-,-,-,-,
UAWM,-,-,-,-,-,-,-,-,-,-,-,-,-,-,-,-,-,-,-,-,
AEC25,-,-,-,-,-,-,-,-,-,-,-,-,-,-,[F],-,-,-,-,-,
MSK-B1,-,-,-,-,-,-,-,-,-,-,-,-,-,-,-,-,-,-,-,-,
MSKWC1,-,-,-,-,-,-,[1],-,-,-,-,-,-,-,-,-,-,-,-,-,
TFOSB,[1],-,-,-,-,-,-,-,-,-,-,-,-,-,-,-,-,-,-,-,
MSKVV1,-,-,-,-,-,-,-,-,-,-,-,-,-,-,-,-,-,-,-,-,
MSKVV2,-,-,-,-,-,-,-,-,-,-,-,-,-,-,-,-,-,-,-,-,
MSKGT1,-,-,-,-,-,-,-,-,-,-,-,-,-,-,-,-,-,-,-,-,
MSKGT2,-,-,-,-,-,-,-,-,-,-,-,-,-,-,-,-,-,-,-,-,
MSKGT3,-,-,-,-,-,-,-,-,-,-,-,[F],-,-,-,-,-,-,-,-,
MSKGT4,-,-,-,-,-,-,-,-,-,-,-,-,-,-,-,-,-,-,-,-,
MSKGT5,-,-,-,[2],-,-,-,-,-,-,-,-,-,-,-,-,-,-,-,-,
PCA&U,-,-,-,-,-,-,-,-,-,-,-,-,-,[1],-,-,-,-,-,-,
Pw/TM,-,-,-,-,-,[2],-,-,-,-,-,-,-,-,-,-,-,-,-,-,
MBSECE,-,-,-,-,-,-,-,-,[2],-,-,-,-,-,-,-,-,-,-,-,
AKR1,-,-,-,-,-,-,-,-,-,-,-,-,[1],-,-,-,-,-,-,-,
HarBal,-,-,-,-,-,-,-,[F],-,-,-,-,-,-,-,-,-,-,-,-,
SysID,-,-,-,-,-,-,-,-,-,-,[F],-,-,-,-,-,-,-,-,[F],
UPlast,-,-,-,-,-,-,-,-,-,-,-,-,-,-,-,-,-,-,-,-,
IMDEDU,-,-,-,-,-,-,-,-,-,-,-,-,-,-,-,-,-,-,-,-,
IP4PDE,-,-,-,-,-,-,-,-,-,-,-,-,-,-,-,-,-,-,-,-,
RClass,-,-,-,-,-,-,-,-,-,-,-,-,-,-,-,-,-,-,-,-,
MC-Sys,-,-,-,-,-,-,-,-,-,-,-,-,-,-,-,-,-,-,-,-,
,-,-,-,-,-,-,-,-,-,-,-,-,-,-,-,-,-,-,-,-,
TestQ,-,-,-,-,-,-,-,-,-,-,-,-,-,-,[F],-,-,-,-,-,
Windia,-,-,-,-,-,-,-,-,-,-,-,-,-,-,-,[F],-,-,-,-,
LOWCIS,-,-,-,-,-,-,-,-,-,-,-,-,-,-,-,-,[F],-,-,-,
